project_name,url
3 BHK Flat,/in/buy/resale/page/14049179-3-bhk-apartment-in-manchirevula-for-rs-9375001
4 BHK Villa,/in/buy/resale/page/14507340-4-bhk-villa-in-madanna-gudem-for-rs-18350000
4 BHK Flat,/in/buy/resale/page/14467515-4-bhk-apartment-in-manikonda-for-rs-42000000
4 BHK Villa,/in/buy/resale/page/14516817-4-bhk-villa-in-appa-junction-for-rs-87800000
3 BHK Flat,/in/buy/resale/page/14063356-3-bhk-apartment-in-lingampally-for-rs-12180000
2 BHK Flat,/in/buy/resale/page/13779185-2-bhk-apartment-in-isnapur-for-rs-5300000
3 BHK Flat,/in/buy/resale/page/11169252-3-bhk-apartment-in-balanagar-for-rs-14500000
2 BHK Flat,/in/buy/resale/page/14424992-2-bhk-apartment-in-shankarpally-for-rs-5600000
4 BHK Flat,/in/buy/resale/page/14421154-4-bhk-apartment-in-gaghan-pahad-for-rs-22742700
Aakriti Miro,/in/buy/projects/page/42401-aakriti-miro-by-aakriti-constructions-and-developers-pvt-ltd-in-nallagandla
Omsree Delight,/in/buy/projects/page/307115-omsree-delight-by-om-sree-builders-developers-in-yapral
APR Praveens Higheria,/in/buy/projects/page/235814-apr-praveens-higheria-by-apr-group-in-patancheru
Sunyuga Villa Palazzo,/in/buy/projects/page/281814-sunyuga-villa-palazzo-by-sunyuga-infra-pvt-ltd-in-kompally
Anvitha High9,/in/buy/projects/page/302769-anvitha-high9-by-anvitha-group-in-tellapur
Origin Amogha,/in/buy/projects/page/297962-origin-amogha-by-origin-developers-in-velimela
Omsree Gallaxy,/in/buy/projects/page/284453-omsree-gallaxy-by-om-sree-builders-developers-in-kompally
Omsree Skypark,/in/buy/projects/page/285836-omsree-skypark-by-om-sree-builders-developers-in-kompally
Arkala Life,/in/buy/projects/page/286900-arkala-life-by-arkala-realty-and-infrastructure-private-limited-in-tukkuguda
Jain s Central Park East,/in/buy/projects/page/314445-jain-s-central-park-east-by-jain-constructions-in-narapally
Infocity County,/in/buy/projects/page/308175-infocity-county-by-infocity-builders-in-kardhanur
Sikhara Tranquil,/in/buy/projects/page/267380-sikhara-tranquil-by-sikhara-developers-in-cherlapalli
Syamantaka Aurum,/in/buy/projects/page/297030-syamantaka-aurum-by-syamantaka-infra-in-pragathi-nagar
Blue Lotus Villas,/in/buy/projects/page/290178-blue-lotus-villas-by-lotus-blue-infra-projects-pvt-ltd-in-sheriguda
Thirumala Enclave,/in/buy/projects/page/283455-thirumala-enclave-by-unique-constructions-and-developers-in-prashanthnagar-colony
Vasavi Sri Nivasam,/in/buy/projects/page/254015-vasavi-sri-nivasam-by-vasavi-constructions-in-ghatkesar
Zonah Azam Farm Elegant County,/in/buy/projects/page/316493-zonah-azam-farm-elegant-county-by-zonah-developers-p-ltd-in-kethireddypally
Krishna Kunj Central Courtyard,/in/buy/projects/page/289722-krishna-kunj-central-courtyard-by-regalia-smartspaces-llp-in-quthbullapur
Vaasavi Brundavanam III,/in/buy/projects/page/304283-vaasavi-brundavanam-iii-by-jai-santoshi-mata-realtors-in-peerzadiguda
Vishan s Castle,/in/buy/projects/page/289956-vishan-s-castle-by-b-s-infra-in-meerpet
Candeur Skyline,/in/buy/projects/page/297016-candeur-skyline-by-candeur-constructions-private-limited-in-puppalaguda
Indukuri Lake Shore,/in/buy/projects/page/264360-indukuri-lake-shore-by-indukuri-lifespaces-llp-in-pedda-amberpet
Lansum Elena Residences,/in/buy/projects/page/313195-lansum-elena-residences-by-lansum-enpoint-developers-llp-in-kokapet
Cybercity Oriana,/in/buy/projects/page/256020-cybercity-oriana-by-cybercity-oriana-in-borabanda
Hallmark Pinnacle,/in/buy/projects/page/284671-hallmark-pinnacle-by-hallmark-builders-in-patighanpur
BHUVI BY VASAVI BUILDOX,/in/buy/projects/page/293108-bhuvi-by-vasavi-buildox-by-vasavi-group-in-gundlapochampalli
Navya Uvera Heights,/in/buy/projects/page/264094-navya-uvera-heights-by-navya-developers-in-lb-nagar
Omsree Prithvi,/in/buy/projects/page/285810-omsree-prithvi-by-om-sree-builders-developers-in-yapral
Sumadhura Gardens By The Brook,/in/buy/projects/page/277356-sumadhura-gardens-by-the-brook-by-sumadhura-infracon-pvt-ltd-in-shamshabad
Urrban League Riverscape,/in/buy/projects/page/283156-urrban-league-riverscape-by-urrban-league-in-bandlaguda-jagir
Theme Imperial,/in/buy/projects/page/282555-theme-imperial-by-theme-ambience-infrastructures-in-attapur
Risinia Scintilla,/in/buy/projects/page/284052-risinia-scintilla-by-risinia-builders-in-bachupally
Ventura Wave,/in/buy/projects/page/310489-ventura-wave-by-ventura-estate-developers-in-tellapur
Supadha Gamya,/in/buy/projects/page/313641-supadha-gamya-by-supadha-developers-private-limited-in-osman-nagar
Akruthi Srivatsa,/in/buy/projects/page/312787-akruthi-srivatsa-by-akruthi-constructions-and-developers-in-mallampet
Akshita Heights 6,/in/buy/projects/page/282514-akshita-heights-6-by-akshita-infra-in-malkajgiri
Thimu King Court,/in/buy/projects/page/317484-thimu-king-court-by-thimu-avenues-in-kompally
The Olympus,/in/buy/projects/page/255548-the-olympus-by-sumadhura-infracon-pvt-ltd-in-nanakaramguda
IRIS,/in/buy/projects/page/285845-iris-by-raghava-projects-in-gachibowli
Sri Tirumala Millennium Phase III,/in/buy/projects/page/269627-sri-tirumala-millennium-phase-iii-by-engineers-associates-pvt-ltd-in-mallapur
APR Praveens Eterno,/in/buy/projects/page/312307-apr-praveens-eterno-by-apr-group-in-patighanpur
Krishe Pearl,/in/buy/projects/page/302560-krishe-pearl-by-sri-krishna-developpers-in-buddha-nagar
GHR Callisto,/in/buy/projects/page/279495-ghr-callisto-by-ghr-infra-in-kollur
Candeur Crescent,/in/buy/projects/page/276519-candeur-crescent-by-candeur-projects-in-serilingampally
Omsree Brilliance,/in/buy/projects/page/251817-omsree-brilliance-by-om-sree-builders-developers-in-yapral
Deevyashakti Amara,/in/buy/projects/page/312636-deevyashakti-amara-by-deevyashakti-realty-llp-in-gaghan-pahad
Vazhraa Prathik,/in/buy/projects/page/275627-vazhraa-prathik-by-vazhraa-nirmaan-pvt-ltd-in-nizampet
Makuta Nirvana,/in/buy/projects/page/310738-makuta-nirvana-by-makuta-developers-in-patancheru
Nirmal Landmark,/in/buy/projects/page/231481-nirmal-landmark-by-nirmal-shelters-p-ltd-in-ramanthapur
Risinia The Twinz,/in/buy/projects/page/285813-risinia-the-twinz-by-risinia-builders-in-bachupally
Omsree Heights,/in/buy/projects/page/237785-omsree-heights-by-om-sree-builders-developers-in-kowkur
3 BHK Flat,/in/buy/resale/page/14049179-3-bhk-apartment-in-manchirevula-for-rs-9375001
4 BHK Villa,/in/buy/resale/page/14507340-4-bhk-villa-in-madanna-gudem-for-rs-18350000
4 BHK Flat,/in/buy/resale/page/14467515-4-bhk-apartment-in-manikonda-for-rs-42000000
4 BHK Villa,/in/buy/resale/page/14516817-4-bhk-villa-in-appa-junction-for-rs-87800000
3 BHK Flat,/in/buy/resale/page/14063356-3-bhk-apartment-in-lingampally-for-rs-12180000
2 BHK Flat,/in/buy/resale/page/13779185-2-bhk-apartment-in-isnapur-for-rs-5300000
3 BHK Flat,/in/buy/resale/page/11169252-3-bhk-apartment-in-balanagar-for-rs-14500000
2 BHK Flat,/in/buy/resale/page/14424992-2-bhk-apartment-in-shankarpally-for-rs-5600000
4 BHK Flat,/in/buy/resale/page/14421154-4-bhk-apartment-in-gaghan-pahad-for-rs-22742700
Aakriti Miro,/in/buy/projects/page/42401-aakriti-miro-by-aakriti-constructions-and-developers-pvt-ltd-in-nallagandla
Omsree Delight,/in/buy/projects/page/307115-omsree-delight-by-om-sree-builders-developers-in-yapral
APR Praveens Higheria,/in/buy/projects/page/235814-apr-praveens-higheria-by-apr-group-in-patancheru
Sunyuga Villa Palazzo,/in/buy/projects/page/281814-sunyuga-villa-palazzo-by-sunyuga-infra-pvt-ltd-in-kompally
Anvitha High9,/in/buy/projects/page/302769-anvitha-high9-by-anvitha-group-in-tellapur
Origin Amogha,/in/buy/projects/page/297962-origin-amogha-by-origin-developers-in-velimela
Omsree Gallaxy,/in/buy/projects/page/284453-omsree-gallaxy-by-om-sree-builders-developers-in-kompally
Omsree Skypark,/in/buy/projects/page/285836-omsree-skypark-by-om-sree-builders-developers-in-kompally
Arkala Life,/in/buy/projects/page/286900-arkala-life-by-arkala-realty-and-infrastructure-private-limited-in-tukkuguda
Sri Vasista Royal Heights,/in/buy/projects/page/317485-sri-vasista-royal-heights-by-sri-vasista-projects-in-dullapally
Primark Northwave,/in/buy/projects/page/317885-primark-northwave-by-primark-projects-pvt-ltd-in-bhadurpalle
Aakruthi Arcadia,/in/buy/projects/page/309809-aakruthi-arcadia-by-aakruthi-real-holdings-llp-in-gajularamaram
Vaasavi Brundavanam III,/in/buy/projects/page/304283-vaasavi-brundavanam-iii-by-jai-santoshi-mata-realtors-in-peerzadiguda
Krishna Kunj Central Courtyard,/in/buy/projects/page/289722-krishna-kunj-central-courtyard-by-regalia-smartspaces-llp-in-quthbullapur
Candeur Skyline,/in/buy/projects/page/297016-candeur-skyline-by-candeur-constructions-private-limited-in-puppalaguda
SM Classe,/in/buy/projects/page/282551-sm-classe-by-sm-builders-and-developers-in-chandanagar
Thirumala Enclave,/in/buy/projects/page/283455-thirumala-enclave-by-unique-constructions-and-developers-in-prashanthnagar-colony
Vasavi Sri Nivasam,/in/buy/projects/page/254015-vasavi-sri-nivasam-by-vasavi-constructions-in-ghatkesar
Zonah Azam Farm Elegant County,/in/buy/projects/page/316493-zonah-azam-farm-elegant-county-by-zonah-developers-p-ltd-in-kethireddypally
Sikhara Tranquil,/in/buy/projects/page/267380-sikhara-tranquil-by-sikhara-developers-in-cherlapalli
Blue Lotus Villas,/in/buy/projects/page/290178-blue-lotus-villas-by-lotus-blue-infra-projects-pvt-ltd-in-sheriguda
3 BHK Flat,/in/buy/resale/page/14049179-3-bhk-apartment-in-manchirevula-for-rs-9375001
4 BHK Villa,/in/buy/resale/page/14507340-4-bhk-villa-in-madanna-gudem-for-rs-18350000
4 BHK Flat,/in/buy/resale/page/14467515-4-bhk-apartment-in-manikonda-for-rs-42000000
4 BHK Villa,/in/buy/resale/page/14516817-4-bhk-villa-in-appa-junction-for-rs-87800000
3 BHK Flat,/in/buy/resale/page/14063356-3-bhk-apartment-in-lingampally-for-rs-12180000
2 BHK Flat,/in/buy/resale/page/13779185-2-bhk-apartment-in-isnapur-for-rs-5300000
3 BHK Flat,/in/buy/resale/page/11169252-3-bhk-apartment-in-balanagar-for-rs-14500000
2 BHK Flat,/in/buy/resale/page/14424992-2-bhk-apartment-in-shankarpally-for-rs-5600000
4 BHK Flat,/in/buy/resale/page/14421154-4-bhk-apartment-in-gaghan-pahad-for-rs-22742700
Aakriti Miro,/in/buy/projects/page/42401-aakriti-miro-by-aakriti-constructions-and-developers-pvt-ltd-in-nallagandla
Omsree Delight,/in/buy/projects/page/307115-omsree-delight-by-om-sree-builders-developers-in-yapral
APR Praveens Higheria,/in/buy/projects/page/235814-apr-praveens-higheria-by-apr-group-in-patancheru
Sunyuga Villa Palazzo,/in/buy/projects/page/281814-sunyuga-villa-palazzo-by-sunyuga-infra-pvt-ltd-in-kompally
Anvitha High9,/in/buy/projects/page/302769-anvitha-high9-by-anvitha-group-in-tellapur
Origin Amogha,/in/buy/projects/page/297962-origin-amogha-by-origin-developers-in-velimela
Omsree Gallaxy,/in/buy/projects/page/284453-omsree-gallaxy-by-om-sree-builders-developers-in-kompally
Omsree Skypark,/in/buy/projects/page/285836-omsree-skypark-by-om-sree-builders-developers-in-kompally
Arkala Life,/in/buy/projects/page/286900-arkala-life-by-arkala-realty-and-infrastructure-private-limited-in-tukkuguda
Sikhara Tranquil,/in/buy/projects/page/267380-sikhara-tranquil-by-sikhara-developers-in-cherlapalli
Syamantaka Aurum,/in/buy/projects/page/297030-syamantaka-aurum-by-syamantaka-infra-in-pragathi-nagar
Blue Lotus Villas,/in/buy/projects/page/290178-blue-lotus-villas-by-lotus-blue-infra-projects-pvt-ltd-in-sheriguda
Vasavi Sri Nivasam,/in/buy/projects/page/254015-vasavi-sri-nivasam-by-vasavi-constructions-in-ghatkesar
Thirumala Enclave,/in/buy/projects/page/283455-thirumala-enclave-by-unique-constructions-and-developers-in-prashanthnagar-colony
Zonah Azam Farm Elegant County,/in/buy/projects/page/316493-zonah-azam-farm-elegant-county-by-zonah-developers-p-ltd-in-kethireddypally
Krishna Kunj Central Courtyard,/in/buy/projects/page/289722-krishna-kunj-central-courtyard-by-regalia-smartspaces-llp-in-quthbullapur
Candeur Skyline,/in/buy/projects/page/297016-candeur-skyline-by-candeur-constructions-private-limited-in-puppalaguda
Vaasavi Brundavanam III,/in/buy/projects/page/304283-vaasavi-brundavanam-iii-by-jai-santoshi-mata-realtors-in-peerzadiguda
Aakriti Miro Block A 13 14 Floors,/in/buy/projects/page/254043-aakriti-miro-block-a-13-14-floors-by-aakriti-constructions-and-developers-pvt-ltd-in-nallagandla
Sri Vasista Royal Heights,/in/buy/projects/page/317485-sri-vasista-royal-heights-by-sri-vasista-projects-in-dullapally
Primark Northwave,/in/buy/projects/page/317885-primark-northwave-by-primark-projects-pvt-ltd-in-bhadurpalle
3 BHK Flat,/in/buy/resale/page/14049179-3-bhk-apartment-in-manchirevula-for-rs-9375001
4 BHK Villa,/in/buy/resale/page/14507340-4-bhk-villa-in-madanna-gudem-for-rs-18350000
4 BHK Flat,/in/buy/resale/page/14467515-4-bhk-apartment-in-manikonda-for-rs-42000000
4 BHK Villa,/in/buy/resale/page/14516817-4-bhk-villa-in-appa-junction-for-rs-87800000
3 BHK Flat,/in/buy/resale/page/14063356-3-bhk-apartment-in-lingampally-for-rs-12180000
2 BHK Flat,/in/buy/resale/page/13779185-2-bhk-apartment-in-isnapur-for-rs-5300000
3 BHK Flat,/in/buy/resale/page/11169252-3-bhk-apartment-in-balanagar-for-rs-14500000
2 BHK Flat,/in/buy/resale/page/14424992-2-bhk-apartment-in-shankarpally-for-rs-5600000
4 BHK Flat,/in/buy/resale/page/14421154-4-bhk-apartment-in-gaghan-pahad-for-rs-22742700
3 BHK Flat,/in/buy/resale/page/13958046-3-bhk-apartment-in-upparpally-for-rs-9482000
Omsree Heights,/in/buy/projects/page/237785-omsree-heights-by-om-sree-builders-developers-in-kowkur
Aakriti Miro,/in/buy/projects/page/42401-aakriti-miro-by-aakriti-constructions-and-developers-pvt-ltd-in-nallagandla
Omsree Delight,/in/buy/projects/page/307115-omsree-delight-by-om-sree-builders-developers-in-yapral
APR Praveens Higheria,/in/buy/projects/page/235814-apr-praveens-higheria-by-apr-group-in-patancheru
Sunyuga Villa Palazzo,/in/buy/projects/page/281814-sunyuga-villa-palazzo-by-sunyuga-infra-pvt-ltd-in-kompally
Anvitha High9,/in/buy/projects/page/302769-anvitha-high9-by-anvitha-group-in-tellapur
Origin Amogha,/in/buy/projects/page/297962-origin-amogha-by-origin-developers-in-velimela
Omsree Gallaxy,/in/buy/projects/page/284453-omsree-gallaxy-by-om-sree-builders-developers-in-kompally
Omsree Skypark,/in/buy/projects/page/285836-omsree-skypark-by-om-sree-builders-developers-in-kompally
Arkala Life,/in/buy/projects/page/286900-arkala-life-by-arkala-realty-and-infrastructure-private-limited-in-tukkuguda
Thirumala Enclave,/in/buy/projects/page/283455-thirumala-enclave-by-unique-constructions-and-developers-in-prashanthnagar-colony
Vasavi Sri Nivasam,/in/buy/projects/page/254015-vasavi-sri-nivasam-by-vasavi-constructions-in-ghatkesar
Zonah Azam Farm Elegant County,/in/buy/projects/page/316493-zonah-azam-farm-elegant-county-by-zonah-developers-p-ltd-in-kethireddypally
Jain s Central Park East,/in/buy/projects/page/314445-jain-s-central-park-east-by-jain-constructions-in-narapally
Infocity County,/in/buy/projects/page/308175-infocity-county-by-infocity-builders-in-kardhanur
Sikhara Tranquil,/in/buy/projects/page/267380-sikhara-tranquil-by-sikhara-developers-in-cherlapalli
Vaasavi Brundavanam III,/in/buy/projects/page/304283-vaasavi-brundavanam-iii-by-jai-santoshi-mata-realtors-in-peerzadiguda
Blue Lotus Villas,/in/buy/projects/page/290178-blue-lotus-villas-by-lotus-blue-infra-projects-pvt-ltd-in-sheriguda
Aakriti Miro Block A 13 14 Floors,/in/buy/projects/page/254043-aakriti-miro-block-a-13-14-floors-by-aakriti-constructions-and-developers-pvt-ltd-in-nallagandla
Syamantaka Aurum,/in/buy/projects/page/297030-syamantaka-aurum-by-syamantaka-infra-in-pragathi-nagar
3 BHK Flat,/in/buy/resale/page/14049179-3-bhk-apartment-in-manchirevula-for-rs-9375001
4 BHK Villa,/in/buy/resale/page/14507340-4-bhk-villa-in-madanna-gudem-for-rs-18350000
4 BHK Flat,/in/buy/resale/page/14467515-4-bhk-apartment-in-manikonda-for-rs-42000000
4 BHK Villa,/in/buy/resale/page/14516817-4-bhk-villa-in-appa-junction-for-rs-87800000
3 BHK Flat,/in/buy/resale/page/14063356-3-bhk-apartment-in-lingampally-for-rs-12180000
2 BHK Flat,/in/buy/resale/page/13779185-2-bhk-apartment-in-isnapur-for-rs-5300000
3 BHK Flat,/in/buy/resale/page/11169252-3-bhk-apartment-in-balanagar-for-rs-14500000
2 BHK Flat,/in/buy/resale/page/14424992-2-bhk-apartment-in-shankarpally-for-rs-5600000
4 BHK Flat,/in/buy/resale/page/14421154-4-bhk-apartment-in-gaghan-pahad-for-rs-22742700
Omsree Heights,/in/buy/projects/page/237785-omsree-heights-by-om-sree-builders-developers-in-kowkur
Aakriti Miro,/in/buy/projects/page/42401-aakriti-miro-by-aakriti-constructions-and-developers-pvt-ltd-in-nallagandla
Omsree Delight,/in/buy/projects/page/307115-omsree-delight-by-om-sree-builders-developers-in-yapral
APR Praveens Higheria,/in/buy/projects/page/235814-apr-praveens-higheria-by-apr-group-in-patancheru
Sunyuga Villa Palazzo,/in/buy/projects/page/281814-sunyuga-villa-palazzo-by-sunyuga-infra-pvt-ltd-in-kompally
Anvitha High9,/in/buy/projects/page/302769-anvitha-high9-by-anvitha-group-in-tellapur
Origin Amogha,/in/buy/projects/page/297962-origin-amogha-by-origin-developers-in-velimela
Omsree Gallaxy,/in/buy/projects/page/284453-omsree-gallaxy-by-om-sree-builders-developers-in-kompally
Omsree Skypark,/in/buy/projects/page/285836-omsree-skypark-by-om-sree-builders-developers-in-kompally
Arkala Life,/in/buy/projects/page/286900-arkala-life-by-arkala-realty-and-infrastructure-private-limited-in-tukkuguda
Zonah Azam Farm Elegant County,/in/buy/projects/page/316493-zonah-azam-farm-elegant-county-by-zonah-developers-p-ltd-in-kethireddypally
Krishna Kunj Central Courtyard,/in/buy/projects/page/289722-krishna-kunj-central-courtyard-by-regalia-smartspaces-llp-in-quthbullapur
Jain s Central Park East,/in/buy/projects/page/314445-jain-s-central-park-east-by-jain-constructions-in-narapally
Infocity County,/in/buy/projects/page/308175-infocity-county-by-infocity-builders-in-kardhanur
Sikhara Tranquil,/in/buy/projects/page/267380-sikhara-tranquil-by-sikhara-developers-in-cherlapalli
Syamantaka Aurum,/in/buy/projects/page/297030-syamantaka-aurum-by-syamantaka-infra-in-pragathi-nagar
Blue Lotus Villas,/in/buy/projects/page/290178-blue-lotus-villas-by-lotus-blue-infra-projects-pvt-ltd-in-sheriguda
Vasavi Sri Nivasam,/in/buy/projects/page/254015-vasavi-sri-nivasam-by-vasavi-constructions-in-ghatkesar
Candeur Skyline,/in/buy/projects/page/297016-candeur-skyline-by-candeur-constructions-private-limited-in-puppalaguda
Thirumala Enclave,/in/buy/projects/page/283455-thirumala-enclave-by-unique-constructions-and-developers-in-prashanthnagar-colony
SM Classe,/in/buy/projects/page/282551-sm-classe-by-sm-builders-and-developers-in-chandanagar
3 BHK Flat,/in/buy/resale/page/14049179-3-bhk-apartment-in-manchirevula-for-rs-9375001
4 BHK Villa,/in/buy/resale/page/14507340-4-bhk-villa-in-madanna-gudem-for-rs-18350000
4 BHK Flat,/in/buy/resale/page/14467515-4-bhk-apartment-in-manikonda-for-rs-42000000
4 BHK Villa,/in/buy/resale/page/14516817-4-bhk-villa-in-appa-junction-for-rs-87800000
3 BHK Flat,/in/buy/resale/page/14063356-3-bhk-apartment-in-lingampally-for-rs-12180000
2 BHK Flat,/in/buy/resale/page/13779185-2-bhk-apartment-in-isnapur-for-rs-5300000
3 BHK Flat,/in/buy/resale/page/11169252-3-bhk-apartment-in-balanagar-for-rs-14500000
2 BHK Flat,/in/buy/resale/page/14424992-2-bhk-apartment-in-shankarpally-for-rs-5600000
4 BHK Flat,/in/buy/resale/page/14421154-4-bhk-apartment-in-gaghan-pahad-for-rs-22742700
Aakriti Miro,/in/buy/projects/page/42401-aakriti-miro-by-aakriti-constructions-and-developers-pvt-ltd-in-nallagandla
Omsree Delight,/in/buy/projects/page/307115-omsree-delight-by-om-sree-builders-developers-in-yapral
APR Praveens Higheria,/in/buy/projects/page/235814-apr-praveens-higheria-by-apr-group-in-patancheru
Sunyuga Villa Palazzo,/in/buy/projects/page/281814-sunyuga-villa-palazzo-by-sunyuga-infra-pvt-ltd-in-kompally
Anvitha High9,/in/buy/projects/page/302769-anvitha-high9-by-anvitha-group-in-tellapur
Origin Amogha,/in/buy/projects/page/297962-origin-amogha-by-origin-developers-in-velimela
Omsree Gallaxy,/in/buy/projects/page/284453-omsree-gallaxy-by-om-sree-builders-developers-in-kompally
Omsree Skypark,/in/buy/projects/page/285836-omsree-skypark-by-om-sree-builders-developers-in-kompally
Arkala Life,/in/buy/projects/page/286900-arkala-life-by-arkala-realty-and-infrastructure-private-limited-in-tukkuguda
Sikhara Tranquil,/in/buy/projects/page/267380-sikhara-tranquil-by-sikhara-developers-in-cherlapalli
Syamantaka Aurum,/in/buy/projects/page/297030-syamantaka-aurum-by-syamantaka-infra-in-pragathi-nagar
Blue Lotus Villas,/in/buy/projects/page/290178-blue-lotus-villas-by-lotus-blue-infra-projects-pvt-ltd-in-sheriguda
Thirumala Enclave,/in/buy/projects/page/283455-thirumala-enclave-by-unique-constructions-and-developers-in-prashanthnagar-colony
Vasavi Sri Nivasam,/in/buy/projects/page/254015-vasavi-sri-nivasam-by-vasavi-constructions-in-ghatkesar
Zonah Azam Farm Elegant County,/in/buy/projects/page/316493-zonah-azam-farm-elegant-county-by-zonah-developers-p-ltd-in-kethireddypally
Krishna Kunj Central Courtyard,/in/buy/projects/page/289722-krishna-kunj-central-courtyard-by-regalia-smartspaces-llp-in-quthbullapur
Vaasavi Brundavanam III,/in/buy/projects/page/304283-vaasavi-brundavanam-iii-by-jai-santoshi-mata-realtors-in-peerzadiguda
Candeur Skyline,/in/buy/projects/page/297016-candeur-skyline-by-candeur-constructions-private-limited-in-puppalaguda
SM Classe,/in/buy/projects/page/282551-sm-classe-by-sm-builders-and-developers-in-chandanagar
Sri Vasista Royal Heights,/in/buy/projects/page/317485-sri-vasista-royal-heights-by-sri-vasista-projects-in-dullapally
Primark Northwave,/in/buy/projects/page/317885-primark-northwave-by-primark-projects-pvt-ltd-in-bhadurpalle
3 BHK Flat,/in/buy/resale/page/14049179-3-bhk-apartment-in-manchirevula-for-rs-9375001
4 BHK Villa,/in/buy/resale/page/14507340-4-bhk-villa-in-madanna-gudem-for-rs-18350000
4 BHK Flat,/in/buy/resale/page/14467515-4-bhk-apartment-in-manikonda-for-rs-42000000
4 BHK Villa,/in/buy/resale/page/14516817-4-bhk-villa-in-appa-junction-for-rs-87800000
3 BHK Flat,/in/buy/resale/page/14063356-3-bhk-apartment-in-lingampally-for-rs-12180000
2 BHK Flat,/in/buy/resale/page/13779185-2-bhk-apartment-in-isnapur-for-rs-5300000
3 BHK Flat,/in/buy/resale/page/11169252-3-bhk-apartment-in-balanagar-for-rs-14500000
2 BHK Flat,/in/buy/resale/page/14424992-2-bhk-apartment-in-shankarpally-for-rs-5600000
4 BHK Flat,/in/buy/resale/page/14421154-4-bhk-apartment-in-gaghan-pahad-for-rs-22742700
Aakriti Miro,/in/buy/projects/page/42401-aakriti-miro-by-aakriti-constructions-and-developers-pvt-ltd-in-nallagandla
Omsree Delight,/in/buy/projects/page/307115-omsree-delight-by-om-sree-builders-developers-in-yapral
APR Praveens Higheria,/in/buy/projects/page/235814-apr-praveens-higheria-by-apr-group-in-patancheru
Sunyuga Villa Palazzo,/in/buy/projects/page/281814-sunyuga-villa-palazzo-by-sunyuga-infra-pvt-ltd-in-kompally
Anvitha High9,/in/buy/projects/page/302769-anvitha-high9-by-anvitha-group-in-tellapur
Origin Amogha,/in/buy/projects/page/297962-origin-amogha-by-origin-developers-in-velimela
Omsree Gallaxy,/in/buy/projects/page/284453-omsree-gallaxy-by-om-sree-builders-developers-in-kompally
Omsree Skypark,/in/buy/projects/page/285836-omsree-skypark-by-om-sree-builders-developers-in-kompally
Arkala Life,/in/buy/projects/page/286900-arkala-life-by-arkala-realty-and-infrastructure-private-limited-in-tukkuguda
Vasavi Sri Nivasam,/in/buy/projects/page/254015-vasavi-sri-nivasam-by-vasavi-constructions-in-ghatkesar
Zonah Azam Farm Elegant County,/in/buy/projects/page/316493-zonah-azam-farm-elegant-county-by-zonah-developers-p-ltd-in-kethireddypally
Krishna Kunj Central Courtyard,/in/buy/projects/page/289722-krishna-kunj-central-courtyard-by-regalia-smartspaces-llp-in-quthbullapur
Candeur Skyline,/in/buy/projects/page/297016-candeur-skyline-by-candeur-constructions-private-limited-in-puppalaguda
Syamantaka Aurum,/in/buy/projects/page/297030-syamantaka-aurum-by-syamantaka-infra-in-pragathi-nagar
Blue Lotus Villas,/in/buy/projects/page/290178-blue-lotus-villas-by-lotus-blue-infra-projects-pvt-ltd-in-sheriguda
Thirumala Enclave,/in/buy/projects/page/283455-thirumala-enclave-by-unique-constructions-and-developers-in-prashanthnagar-colony
SM Classe,/in/buy/projects/page/282551-sm-classe-by-sm-builders-and-developers-in-chandanagar
Sikhara Tranquil,/in/buy/projects/page/267380-sikhara-tranquil-by-sikhara-developers-in-cherlapalli
Sri Vasista Royal Heights,/in/buy/projects/page/317485-sri-vasista-royal-heights-by-sri-vasista-projects-in-dullapally
Primark Northwave,/in/buy/projects/page/317885-primark-northwave-by-primark-projects-pvt-ltd-in-bhadurpalle
Aakruthi Arcadia,/in/buy/projects/page/309809-aakruthi-arcadia-by-aakruthi-real-holdings-llp-in-gajularamaram
3 BHK Flat,/in/buy/resale/page/14049179-3-bhk-apartment-in-manchirevula-for-rs-9375001
4 BHK Villa,/in/buy/resale/page/14507340-4-bhk-villa-in-madanna-gudem-for-rs-18350000
4 BHK Flat,/in/buy/resale/page/14467515-4-bhk-apartment-in-manikonda-for-rs-42000000
4 BHK Villa,/in/buy/resale/page/14516817-4-bhk-villa-in-appa-junction-for-rs-87800000
3 BHK Flat,/in/buy/resale/page/14063356-3-bhk-apartment-in-lingampally-for-rs-12180000
2 BHK Flat,/in/buy/resale/page/13779185-2-bhk-apartment-in-isnapur-for-rs-5300000
3 BHK Flat,/in/buy/resale/page/11169252-3-bhk-apartment-in-balanagar-for-rs-14500000
2 BHK Flat,/in/buy/resale/page/14424992-2-bhk-apartment-in-shankarpally-for-rs-5600000
4 BHK Flat,/in/buy/resale/page/14421154-4-bhk-apartment-in-gaghan-pahad-for-rs-22742700
Aakriti Miro,/in/buy/projects/page/42401-aakriti-miro-by-aakriti-constructions-and-developers-pvt-ltd-in-nallagandla
Omsree Delight,/in/buy/projects/page/307115-omsree-delight-by-om-sree-builders-developers-in-yapral
APR Praveens Higheria,/in/buy/projects/page/235814-apr-praveens-higheria-by-apr-group-in-patancheru
Sunyuga Villa Palazzo,/in/buy/projects/page/281814-sunyuga-villa-palazzo-by-sunyuga-infra-pvt-ltd-in-kompally
Anvitha High9,/in/buy/projects/page/302769-anvitha-high9-by-anvitha-group-in-tellapur
Origin Amogha,/in/buy/projects/page/297962-origin-amogha-by-origin-developers-in-velimela
Omsree Gallaxy,/in/buy/projects/page/284453-omsree-gallaxy-by-om-sree-builders-developers-in-kompally
Omsree Skypark,/in/buy/projects/page/285836-omsree-skypark-by-om-sree-builders-developers-in-kompally
Arkala Life,/in/buy/projects/page/286900-arkala-life-by-arkala-realty-and-infrastructure-private-limited-in-tukkuguda
Sikhara Tranquil,/in/buy/projects/page/267380-sikhara-tranquil-by-sikhara-developers-in-cherlapalli
Syamantaka Aurum,/in/buy/projects/page/297030-syamantaka-aurum-by-syamantaka-infra-in-pragathi-nagar
Blue Lotus Villas,/in/buy/projects/page/290178-blue-lotus-villas-by-lotus-blue-infra-projects-pvt-ltd-in-sheriguda
Thirumala Enclave,/in/buy/projects/page/283455-thirumala-enclave-by-unique-constructions-and-developers-in-prashanthnagar-colony
Vasavi Sri Nivasam,/in/buy/projects/page/254015-vasavi-sri-nivasam-by-vasavi-constructions-in-ghatkesar
Zonah Azam Farm Elegant County,/in/buy/projects/page/316493-zonah-azam-farm-elegant-county-by-zonah-developers-p-ltd-in-kethireddypally
Krishna Kunj Central Courtyard,/in/buy/projects/page/289722-krishna-kunj-central-courtyard-by-regalia-smartspaces-llp-in-quthbullapur
Vaasavi Brundavanam III,/in/buy/projects/page/304283-vaasavi-brundavanam-iii-by-jai-santoshi-mata-realtors-in-peerzadiguda
Candeur Skyline,/in/buy/projects/page/297016-candeur-skyline-by-candeur-constructions-private-limited-in-puppalaguda
SM Classe,/in/buy/projects/page/282551-sm-classe-by-sm-builders-and-developers-in-chandanagar
Sri Vasista Royal Heights,/in/buy/projects/page/317485-sri-vasista-royal-heights-by-sri-vasista-projects-in-dullapally
Primark Northwave,/in/buy/projects/page/317885-primark-northwave-by-primark-projects-pvt-ltd-in-bhadurpalle
3 BHK Flat,/in/buy/resale/page/14049179-3-bhk-apartment-in-manchirevula-for-rs-9375001
4 BHK Villa,/in/buy/resale/page/14507340-4-bhk-villa-in-madanna-gudem-for-rs-18350000
4 BHK Flat,/in/buy/resale/page/14467515-4-bhk-apartment-in-manikonda-for-rs-42000000
4 BHK Villa,/in/buy/resale/page/14516817-4-bhk-villa-in-appa-junction-for-rs-87800000
3 BHK Flat,/in/buy/resale/page/14063356-3-bhk-apartment-in-lingampally-for-rs-12180000
2 BHK Flat,/in/buy/resale/page/13779185-2-bhk-apartment-in-isnapur-for-rs-5300000
3 BHK Flat,/in/buy/resale/page/11169252-3-bhk-apartment-in-balanagar-for-rs-14500000
2 BHK Flat,/in/buy/resale/page/14424992-2-bhk-apartment-in-shankarpally-for-rs-5600000
4 BHK Flat,/in/buy/resale/page/14421154-4-bhk-apartment-in-gaghan-pahad-for-rs-22742700
Aakriti Miro,/in/buy/projects/page/42401-aakriti-miro-by-aakriti-constructions-and-developers-pvt-ltd-in-nallagandla
Omsree Delight,/in/buy/projects/page/307115-omsree-delight-by-om-sree-builders-developers-in-yapral
APR Praveens Higheria,/in/buy/projects/page/235814-apr-praveens-higheria-by-apr-group-in-patancheru
Sunyuga Villa Palazzo,/in/buy/projects/page/281814-sunyuga-villa-palazzo-by-sunyuga-infra-pvt-ltd-in-kompally
Anvitha High9,/in/buy/projects/page/302769-anvitha-high9-by-anvitha-group-in-tellapur
Origin Amogha,/in/buy/projects/page/297962-origin-amogha-by-origin-developers-in-velimela
Omsree Gallaxy,/in/buy/projects/page/284453-omsree-gallaxy-by-om-sree-builders-developers-in-kompally
Omsree Skypark,/in/buy/projects/page/285836-omsree-skypark-by-om-sree-builders-developers-in-kompally
Arkala Life,/in/buy/projects/page/286900-arkala-life-by-arkala-realty-and-infrastructure-private-limited-in-tukkuguda
Blue Lotus Villas,/in/buy/projects/page/290178-blue-lotus-villas-by-lotus-blue-infra-projects-pvt-ltd-in-sheriguda
Syamantaka Aurum,/in/buy/projects/page/297030-syamantaka-aurum-by-syamantaka-infra-in-pragathi-nagar
Aakriti Miro Block A 13 14 Floors,/in/buy/projects/page/254043-aakriti-miro-block-a-13-14-floors-by-aakriti-constructions-and-developers-pvt-ltd-in-nallagandla
Sri Vasista Royal Heights,/in/buy/projects/page/317485-sri-vasista-royal-heights-by-sri-vasista-projects-in-dullapally
Primark Northwave,/in/buy/projects/page/317885-primark-northwave-by-primark-projects-pvt-ltd-in-bhadurpalle
Aakruthi Arcadia,/in/buy/projects/page/309809-aakruthi-arcadia-by-aakruthi-real-holdings-llp-in-gajularamaram
Sudhakars Lake View,/in/buy/projects/page/270872-sudhakars-lake-view-by-b-s-infra-in-balapur
Vaasavi Brundavanam III,/in/buy/projects/page/304283-vaasavi-brundavanam-iii-by-jai-santoshi-mata-realtors-in-peerzadiguda
Krishna Kunj Central Courtyard,/in/buy/projects/page/289722-krishna-kunj-central-courtyard-by-regalia-smartspaces-llp-in-quthbullapur
Candeur Skyline,/in/buy/projects/page/297016-candeur-skyline-by-candeur-constructions-private-limited-in-puppalaguda
SM Classe,/in/buy/projects/page/282551-sm-classe-by-sm-builders-and-developers-in-chandanagar
Infocity County,/in/buy/projects/page/308175-infocity-county-by-infocity-builders-in-kardhanur
